"Capa","Weighted_F1","Weighted_Precision","Weighted_Recall"
"Capa1",0.873328374651312,0.984285251920708,0.793355034235043
"Capa2",0.856733871924654,0.842875846279982,0.88733216579101
