"Capa","Weighted_F1","Weighted_Precision","Weighted_Recall"
"Capa1",0.561126314938684,0.9667012022665,0.411157256706701
"Capa2",0.50399843924831,0.57639687250435,0.489950796430656
