"Capa","Weighted_F1","Weighted_Precision","Weighted_Recall"
"Capa1",0.608269006150073,0.973833707682204,0.492894825457403
"Capa2",0.801013644694811,0.755523902931113,0.866983571011592
