"Capa","Weighted_F1","Weighted_Precision","Weighted_Recall"
"Capa1",0.847474395880991,0.981931594227083,0.750387248849478
"Capa2",0.805889168182916,0.762865399363834,0.862396797598199
