"Capa","Weighted_F1","Weighted_Precision","Weighted_Recall"
"Capa1",0.52742896863056,0.956729399017023,0.392064347982385
"Capa2",0.439927012091438,0.437790179366515,0.487188132164531
