"Capa","Weighted_F1","Weighted_Precision","Weighted_Recall"
"Capa1",0.8426877498862,0.975464297188759,0.754156556124742
"Capa2",0.853941176109509,0.845379545911421,0.890593391773432
