"Capa","Weighted_F1","Weighted_Precision","Weighted_Recall"
"Capa1",0.608933836346362,0.9733826535708,0.489619843623618
"Capa2",0.776113483961371,0.724380587334054,0.852326365475388
