"Capa","Weighted_F1","Weighted_Precision","Weighted_Recall"
"Capa1",0.844194082808754,0.973836559659158,0.759863395344657
"Capa2",0.747729340907204,0.730064677212854,0.797538772757923
