"Capa","Weighted_F1","Weighted_Precision","Weighted_Recall"
"Capa1",0.372877679654611,0.96798895462804,0.258083931851972
"Capa2",0.5544605344845,0.731044724950231,0.457627118644068
