"Capa","Weighted_F1","Weighted_Precision","Weighted_Recall"
"Capa1",0.830872586402348,0.985940165621622,0.728643103223691
"Capa2",0.826740924431885,0.865107518411671,0.819456111742518
