"Capa","Weighted_F1","Weighted_Precision","Weighted_Recall"
"Capa1",0.481022568759463,0.978489767663554,0.364366468582825
"Capa2",0.692396404111884,0.749109123248648,0.680107394047207
