"Capa","Weighted_F1","Weighted_Precision","Weighted_Recall"
"Capa1",0.595906227478147,0.984871148594298,0.456360916845212
"Capa2",0.687912695081708,0.78693135032243,0.626476256362109
