"Capa","Weighted_F1","Weighted_Precision","Weighted_Recall"
"Capa1",0.854756807232913,0.986358249208337,0.765137631162858
"Capa2",0.823267213840713,0.801823098652909,0.864344546988191
