"Capa","Weighted_F1","Weighted_Precision","Weighted_Recall"
"Capa1",0.439510794714259,0.961299955869373,0.3122843898232
"Capa2",0.6436911535633,0.757197997185077,0.575713659802501
