"Capa","Weighted_F1","Weighted_Precision","Weighted_Recall"
"Capa1",0.549180795658901,0.976545534469464,0.439683053040103
"Capa2",0.808685111285473,0.768977634426351,0.867883960173332
