"Capa","Weighted_F1","Weighted_Precision","Weighted_Recall"
"Capa1",0.824827375304289,0.980184436475593,0.715924608308179
"Capa2",0.76365786216277,0.797457404063419,0.761039992061129
