"Capa","Weighted_F1","Weighted_Precision","Weighted_Recall"
"Capa1",0.873408540462435,0.987144104665196,0.792869422564806
"Capa2",0.849442272308132,0.851297688456148,0.874443085977164
