"Capa","Weighted_F1","Weighted_Precision","Weighted_Recall"
"Capa1",0.383036423414049,0.958060648684367,0.271902423677203
"Capa2",0.580560301789423,0.685356203424191,0.534015790455271
