"Capa","Weighted_F1","Weighted_Precision","Weighted_Recall"
"Capa1",0.569523771039977,0.973855534711278,0.447363394271717
"Capa2",0.781061312625926,0.804973343429637,0.808877468553785
