"Capa","Weighted_F1","Weighted_Precision","Weighted_Recall"
"Capa1",0.561309788454786,0.980933992845124,0.4353629897637
"Capa2",0.71019369424787,0.781414717644232,0.67370536916924
